file_name,text
0a9523ac_000.wav,私って…😮‍💨
0a9523ac_001.wav,私たちもその時のために何かすご🤭
0a9523ac_002.wav,それは、そうかもしれないけど、そういうことを議論する前に、あれって小さいよね?🤔💭
0a9523ac_003.wav,いいよきちゃん 👂 あの煙突はなんだと思う😮‍💨
0a9523ac_004.wav,それって月ちゃん特有の現象なの?😮‍💨
0a9523ac_005.wav,としたら立ったままは辛そうだね 🫶 フユネちゃんが膝立ちの状態だと膝の屈伸運動が使えないから体の仕組みとして無理があるよ
0a9523ac_006.wav,何があっても、カズキは守ってみせるよ!🤭
0a9523ac_007.wav,それなりにひどいみたいだねー 冷蔵庫の氷を持ってきたけど冷やせば冷やすほどいいものなのかなぁ😮‍💨🤔
0a9523ac_008.wav,背中が痛いからじゃないかなぁ😮‍💨
0a9523ac_009.wav,そういうのを聞いてほしいなぁと思って💭
0a9523ac_010.wav,私は考えてないけど🤭
0a9523ac_011.wav,それが出題されているってことは👂今は2020年くらいなのかな😮‍💨
0a9523ac_012.wav,気をつけないとダメだよー👂代金が入ったら大変だからアズキちゃんはそこで見てて😮‍💨
0a9523ac_013.wav,えっと この変なアイコンが受験用のソフトなんだねポチッと🤭
0a9523ac_014.wav,嬉しがってもらっていいことなのかな?😊
0a9523ac_015.wav,しかしてあきよちゃんは、ここがどこなのか、私なんかよりずっと正確に知っているのかもね🤭
0a9523ac_016.wav,せっかくお前を出したんだから 無言で考え込んだらダメだよそんなの失礼だと思うな😮‍💨
0a9523ac_017.wav,そうだよね、ごめんね、出たみたい🤭
0a9523ac_018.wav,こっちも気持ちよくしてあげるね🤭
0a9523ac_019.wav,その話を聞いてドキッとしちゃったよ😮‍💨
0a9523ac_020.wav,そんなことない5人いるのに4と1に分かれるのって変じゃないかな😮‍💨それとも一人が良かった🤔
0a9523ac_021.wav,最初から、私に殺されるつもり来たんでしょ?🤭
0a9523ac_022.wav,ただ地面に置くだけでも 激痛だと思うけど月ちゃんは気にならないんだよね😮‍💨
0a9523ac_023.wav,枯れ草は全然マシなんだろうけど地面に熱を奪われていく感じがするね😮‍💨
0a9523ac_024.wav,私がカズキちゃんにあげられるものなんて このくらいしかないし🤭
0a9523ac_025.wav,よく言えました。ご褒美にキスしてあげるからね💋
0a9523ac_026.wav,って言われたから出したのにしかも胸を出したまま怒られるなんてすごい状況だよ😮‍💨😠
0a9523ac_027.wav,お姉ちゃんが負け続し面白いと思う🤭
0a9523ac_028.wav,ぼーっとしてない! 一緒に根を引き抜こうよ! 😊
0a9523ac_029.wav,疑い深いなぁ😮‍💨 残念だけどこれはどこまでも本気ちょっとの嘘もないよ🤔
0a9523ac_030.wav,変な溜息😮‍💨
0a9523ac_031.wav,人体って😮‍💨
0a9523ac_032.wav,宇宙ステーションとかスペースコロニーって言えばいいのかな 多分そんな感じ💭
0a9523ac_033.wav,静香ちゃんも、かずきちゃんにしっかりとしてあげたいんじゃないかなぁ🤭
0a9523ac_034.wav,というのは山の方向だよねー 私も散策してたけど会わなかったなぁ🤭
0a9523ac_035.wav,でも弁護がいいよ 自分の可能性の幅が広がるわけだし😊
0a9523ac_036.wav,今日ってカロリーを消費するから疲れて当然だようらやまで寄って帰ろうか酸っぱいものを食べると頭がスッキリするし疲れも取れるよ😮‍💨
0a9523ac_037.wav,恥ずかしいあれ、あちこっち見ないでね🤭それで
0a9523ac_038.wav,ブラジャーは邪魔だから上にグイって押し上げちゃおうね🤭
0a9523ac_039.wav,魚はみんな知ってることだよ。びっくりしなくても大丈夫😮‍💨
0a9523ac_040.wav,殺人欲って言えばいいのかな。うん、そういうのあるよ🤭
0a9523ac_041.wav,そういうわけじゃないけど🤭
0a9523ac_042.wav,だけどそうじゃなくて、宣伝的な殺人鬼はいるのかという疑問に答えるための実験なんだと思うよ🤔
0a9523ac_043.wav,実はちょっと期待してたり、だってほら、襲いかかってくれれば勢いでかずきちゃんを殺せるし🤭
0a9523ac_044.wav,パンツも邪魔だから脱がしちゃうね🤭
0a9523ac_045.wav,普通に喋ってるだけなのに木とか言われた😮‍💨
0a9523ac_046.wav,そういうことになると思う😮‍💨
0a9523ac_047.wav,私にもわからないけど 単純に煙突なんじゃないかな😮‍💨
0a9523ac_048.wav,それ以外に何をするつもりもないよ🤭
0a9523ac_049.wav,地獄みたいな風景だとしても 私たちでコツコツ変えていけばいいだけだもん😅
0a9523ac_050.wav,キチャンはどう思うのかな🤔
0a9523ac_051.wav,カズキちゃんが私の部屋に来るのって、初めてだったかな😮‍💨
0a9523ac_052.wav,食べるのは好きだけど、料理は嫌いって人がいるでしょ?それと同じことだよ🤭
0a9523ac_053.wav,なら、一声かけてね🤭
0a9523ac_054.wav,そっか忘れちゃってるわけだねー 🤭 魚を忘れてるんだから当然かー
0a9523ac_055.wav,しかしてアイドルとかじゃないのかなぁ 🤔 静かちゃんもあきよちゃんも冬姉ちゃんもみんな本当に人間であることを証明できる 😱
0a9523ac_056.wav,でも好きな人にそのくらい強く思われたいっていう 静香ちゃんの気持ちはわかるんだよねだからさ考え方をちょっと変えればいいんだよ🤭
0a9523ac_057.wav,もし辛いって言ったら どうするつもりなのかな😮‍💨🥺
0a9523ac_058.wav,そんなに気まじめに壊れてることを意識しなくてもいいと思うけどなぁ🤔
0a9523ac_059.wav,だからうきちゃんにとっては激痛に耐えるよりも不便を我慢する方が辛いことなんだよね😮‍💨
0a9523ac_060.wav,贅沢さんなんだから🤭
0a9523ac_061.wav,好きなようには触ってないと思うよ だって私の先っぽに全然触れてないもん🤭
0a9523ac_062.wav,その傷がどうかしたのかな？😮‍💨
0a9523ac_063.wav,例え、正直思い出したくないことしか詰まってないけど、それでも私の気持ちの詰まったナイフだし、かっこいいこと言って捨ててほしいな😮‍💨🤭
0a9523ac_064.wav,そうだよ! カズ、はじめていい?🤭
0a9523ac_065.wav,もしかして昼に私と冬姉ちゃんがチューチューしちゃったのが トラウマになっちゃってるとか🤭
0a9523ac_066.wav,それにしても😮‍💨
0a9523ac_067.wav,落ち落として寝ぼけたままエアハグを繰り返していたことに聞いたときはショックだぞ😮‍💨
0a9523ac_069.wav,もし、カズキちゃんを殺したら、この廊下を一人で歩いてかないといけないんだよね。それって…😮‍💨
0a9523ac_070.wav,監視?風呂?話が見えないな😮‍💨
0a9523ac_071.wav,それにほら、カズキちゃんも言ったばかりだし🤭
0a9523ac_072.wav,もしかしてか😮‍💨
0a9523ac_073.wav,どうせいつかは順応するんだから、早ければ早い方がいいがお?🤭
0a9523ac_074.wav,してたんだけど😮‍💨
0a9523ac_075.wav,ブーブーに近づけないって自分たちで証明したじゃない そんな作りなのはここが人造の君だからじゃないかなぁ🤭
0a9523ac_076.wav,それって話す必要ないよ🤭
0a9523ac_077.wav,サンスを脱がすんだ🤭
0a9523ac_078.wav,私はおなめるねー👅
0a9523ac_079.wav,手に触りたい?😏
0a9523ac_080.wav,うん 確かに巨大だけど 軌道エレベーターにしては 除景が小さすぎるんじゃないかなだって大量の物資を宇宙に運ぶために作るわけだから🤔
0a9523ac_081.wav,キャンプだって思い込めて安心するよねー😌
0a9523ac_082.wav,朝からごはんを😮‍💨
0a9523ac_083.wav,今日の一番いい子だよねー🤭
0a9523ac_084.wav,そうなのかもしれないし、そうじゃないかもしれないよね😮‍💨。だけど、こんなことにも気づかないなんて、カズキちゃんは本気でこの世界のこと調べてたのかなぁ🤔？
0a9523ac_085.wav,そうじゃなくて、静かちゃんの記憶操作に失敗があるんじゃないかってこと😮‍💨
0a9523ac_086.wav,急にそんなこと😮‍💨
0a9523ac_087.wav,それにしてもこのロープ 本格的🤭
0a9523ac_088.wav,それは、喜んでいいのかな？🤔
0a9523ac_089.wav,妹ちゃんはいじめたい感じで🤭、真冬ちゃんはかわいがりたい感じなんだよねー😏
0a9523ac_090.wav,誰だってそうだと思うけどな知らないなら覚えておいた方がいいんじゃないかな😮‍💨
0a9523ac_094.wav,武器というか名探偵そのものだよ🤭
0a9523ac_095.wav,自己犠牲をすれば嫌われずに済む?🤭
0a9523ac_096.wav,外室にいろんな器具があるのにもかく虫眼鏡や顕微鏡がないというのはちょっと変だよね🤭
0a9523ac_097.wav,そういうこと気にしないで🤫
0a9523ac_098.wav,さっきとは別のことでね 🤭 今の季節は多分冬だね 😅
0a9523ac_099.wav,私に乗らせ…🤭
0a9523ac_100.wav,いつなるんだろうって、ドキドキしちゃって絶対に集中力😮‍💨
0a9523ac_101.wav,でも3ヶ月経ってもウノが亡くなるわけじゃないよね😮‍💨
0a9523ac_102.wav,私も同じこと思い出してた😮‍💨
0a9523ac_103.wav,そんなに喜んでもらえて嬉しいよ😊 お米はまだたくさんあるからおかわりしてね
0a9523ac_105.wav,確か大正時代の動揺じゃなかったかなぁ😮‍💨 今の季節は多分冬だから意味ありげと言えば意味ありげだよね😌
0a9523ac_106.wav,そうだよ、部屋の引き出しの中に入ってたんだ、あは🤭これって切れ味がすごくて、試したことないけど、鉄でも切れちゃいそうだよ
0a9523ac_107.wav,実は裏の畑が🤫
0a9523ac_108.wav,うぅぅ、月ちゃんに触られてるんだから、どうされたって息は乱れちゃうよ😮‍💨🫨。それに、私は生贄ですから、気にしなくていいよ😌。
0a9523ac_109.wav,モニターかスクリーンかわかんないけど、あの空は映像。本当は空じゃなくて、天井😮‍💨
0a9523ac_110.wav,そこまでのことは言わないよ探す場所が海ならあきおちゃんとかずきちゃんに行ってもらったと思うけど私は山歩きに慣れているっぽいからさ🤭
0a9523ac_111.wav,どうしてなのか全然わからないんだけど😮‍💨 不思議な気持ちだよね🤔
0a9523ac_112.wav,バラバラニスの方に集まる感じで座ろうよ🤭
0a9523ac_113.wav,アキヨちゃん、こっちを向いて🤭
0a9523ac_115.wav,きちゃんだけが楽しいってことになっちゃわないかな 私たちは互いの裸をお風呂で見れるわけだし🤭
0a9523ac_116.wav,チャンズがいるもん! 浮気なんかしないよ!🤭
0a9523ac_117.wav,ここ気にするんだねーだったら説明すればいいじゃない🤭　ここが好きあ、具体的に言われるの好きだと思うよー🥺
0a9523ac_118.wav,女の子からこんなことを言われるなんて 人生でもう二度とないかもだよ🤭
0a9523ac_119.wav,そういうと思いというか極悪非道で冷酷無比な感じだけど、要は静かちゃんが不安になってるだけだから自分が必要とされてるのか確かめたいってことなんだし😮‍💨🤭
0a9523ac_120.wav,んー、月ちゃんが喜んでくれるなら 何でもしてあげたいんだよ🤭
0a9523ac_121.wav,えー、じゃあ一応もう一、そして静かちゃん🤫
0a9523ac_122.wav,タイプじゃないかな?😮‍💨
0a9523ac_123.wav,リチャーに凄い!😮‍💨
0a9523ac_124.wav,殺人欲に目覚めたのは、見てからだから、こだしてなんかいないよ?😮‍💨
0a9523ac_125.wav,ごめんね、静香ちゃん🤭
0a9523ac_126.wav,好きだなんて言ったらずかちゃんが怒っちゃうよー🤭
0a9523ac_127.wav,うん、月ちゃんは何を考えているんだろうというのが気になって気持ちになれない😮‍💨🤔
0a9523ac_128.wav,説明の途中だったね 👂 ここから先は証拠なんか何もない完全に私の想像になってしまうのだけど 🤔 ここは実験施設なんじゃないのかな 😱
0a9523ac_129.wav,あのー、二人とも カズキちゃんがハーハーしながら聞いてるよ?🫶🫨
0a9523ac_130.wav,今日は最初から、ずっと誰かのためにしてあげてばかりだから、最後くらいは自分の好きなことしてもいいと思うんだよ。🤭
0a9523ac_131.wav,私は山で地面上探してくるようになってくれるよねー🤭
0a9523ac_132.wav,そうでもないと思うよ😮‍💨
0a9523ac_133.wav,いいのに起こっちゃうんだ🤭
0a9523ac_134.wav,うん。前も話したけど、私たちの感覚だと、私たちの世界の人たちが、あの煙突を作るのは不可能だよね😮‍💨
0a9523ac_135.wav,私も反対、壁をのぼ、屋根を伝ってあの煙突まで行けたとするじゃない?そして、無事に階段を登っていくことができました。😮‍💨
0a9523ac_136.wav,スカちゃんは参加しないの?😮‍💨
0a9523ac_137.wav,さあに台所を覗いてみたんだけど、あったのは米と味噌と醤油と塩だけ。冷蔵庫の中は空っぽ、缶詰さえなし😮‍💨
0a9523ac_138.wav,なんかしないよ🤭あとせめて興奮て発情って言われると自分が原子的な生き物になっちゃったような気がするよ🥵
0a9523ac_139.wav,声を出す練習を兼ねて襲われた時とかにびっくりさせたり脅したりするのに使えるかなと思って😮‍💨🤫
0a9523ac_140.wav,それに比べて妹ちゃんは勉強が増えてなんだねー😮‍💨
0a9523ac_142.wav,いいよいいよ、昨日の毛がまだ冷蔵庫に入ってるし、野菜もたくさんあるしね🤭
0a9523ac_143.wav,頑張ってる冬姉ちゃんに失礼だと思わないのかなぁ😮‍💨
0a9523ac_144.wav,すきちゃんのこと好き?ずかちゃんのこともふよのことも好きだよ🤭
0a9523ac_145.wav,解消のためにも私のをクニクニしちゃった方がいいんじゃないかなぁと思うんだけど🤭
0a9523ac_146.wav,網でじんわりきのこご飯は確定🤭
0a9523ac_147.wav,太い血管が通ってる場所も避けた方がいいよね🤫
0a9523ac_148.wav,それは その時の状況次第かな?🤔
0a9523ac_149.wav,そういう困りないほうがいいと思うなぁ😮‍💨
0a9523ac_150.wav,いつものように、もっと鼻息を荒くして、グヘグヘ言いながら、獣のように私を獣伶していいんだよ?😮‍💨🌬️
0a9523ac_151.wav,生歴1000年代って感じじゃないし 2000年代だと思うけど😮‍💨
0a9523ac_152.wav,もしかして、とは思っていたんだけど、かずきちゃんの趣味って自己犠牲?😮‍💨
0a9523ac_153.wav,えっと…手をつぶって、口を閉じてくれないかな?どっちも絶対に、開けちゃダメだよ?🤭
0a9523ac_154.wav,みんなでお風呂って余計に楽しそうだよねー🤭
0a9523ac_155.wav,もういいよ、カズキちゃん🤭 グシておけそうな雰囲気じゃないしさ
0a9523ac_156.wav,理由な探せばいくらでもありそうな気がするけどね🤭それに理由なく怒り出す人だっているじゃない?😠
0a9523ac_157.wav,でも明日いいことだね🤭どうしたの?
0a9523ac_158.wav,さっき月ちゃんが病気になったり 傷口が可能したら困るから😮‍💨
0a9523ac_159.wav,私はキューチャンズの部屋に遊びに行くからどうぞ、ごゆっくり🤫
0a9523ac_160.wav,し、静かちゃんは…🤫
0a9523ac_161.wav,誰にも言わないから安心して相談してくれていいよ?🤭
0a9523ac_162.wav,だとしたら、他に何があるのかな?🤔
0a9523ac_163.wav,にはいわれたくない😮‍💨
0a9523ac_164.wav,自然は人間への敵意が剥き出したから👂 気をつけてね⚠️
0a9523ac_165.wav,私も静かちゃんのこと好きだよ🤭
0a9523ac_166.wav,それに、冬姉ちゃんと真冬ちゃん!🤭
0a9523ac_167.wav,自己犠牲をされたら重たいよってこと 秋尾ちゃんだって随分重たがっていたみたいだけど😮‍💨
0a9523ac_168.wav,きっともっと大きいサイズのだったと思うよ🤭
0a9523ac_169.wav,でも、板も杭も新しいのが必要だよ😮‍💨
0a9523ac_170.wav,静かちゃんと冬姉ちゃんが変なのは知ってたけど 秋夜ちゃんまで変だとは思わなかったなぁ😮‍💨
0a9523ac_171.wav,自然と笑っちゃうよねー🤭
0a9523ac_172.wav,ここがあの部屋だねー🤭
0a9523ac_173.wav,でも現実問題として高い場所は寒いし空気も薄いよ😮‍💨 というかあれってきっと宇宙まで続いてるよねーアズキちゃんは生身で宇宙まで行くチャレンジャーなのかなぁ🤔
0a9523ac_174.wav,乗り切った仲間になるんだけど🤭
0a9523ac_175.wav,一緒に寝袋で、上半身が入りきらないかもしれないけど、飛び出しちゃったところは、毛布でカバーすればいいよ🤭
0a9523ac_176.wav,味噌汁は入ったセリーを入れてできればもう一品くらい欲しいところだけどね😮‍💨まあ初日だからしょうがないか😅
0a9523ac_177.wav,かずきちゃん、暗証番号は?🤭
0a9523ac_178.wav,嘘!?😮‍💨
0a9523ac_179.wav,違う!😮‍💨
0a9523ac_180.wav,自然と笑みが浮かんじゃうねー🤭
0a9523ac_181.wav,一緒に…🤭
0a9523ac_182.wav,静かちゃっ🤫
0a9523ac_183.wav,そうなんだけどね…ちゃんとする必要はないよ🤔それよりもキリなんだからさその
0a9523ac_184.wav,植物の状態を見れば大のことはねで、今が1月の頭だとしたら3ヶ月後は3月の成果、4月の頭ってことになるよね😮‍💨
0a9523ac_185.wav,個人的には具体的なら具体的な方が嬉しいなぁ例えばアゴのラインが可愛いとか耳のぐにゃぐにゃしたとこの模様が美しいとか🤭
0a9523ac_186.wav,着たり、くんくんしたり、しゃぶったり。👅
0a9523ac_187.wav,でも頼むのは間違いないよね🤭逆に私はそういう状況になったらためらわないから
0a9523ac_188.wav,かなり前に言ったと思うんだカズキちゃんって存在するのかなって私たちは記憶がなくてここのことしか知らなくて😮‍💨🤔
0a9523ac_189.wav,どうしてそう思うのかな😮‍💨
0a9523ac_190.wav,話はまた今度にしてさあ、このまま寝ちゃおうよ😮‍💨
0a9523ac_191.wav,うーん、ちゃんがそう思うなら 私はそれでいいけど…😮‍💨
0a9523ac_192.wav,でも私も気が楽になると思うかずきちゃんはおっぱいを触る代わりに私の言うことを一つ聞くというのでどうかな🤭
0a9523ac_193.wav,そう 埃とかを一箇所に溜めずに大気に拡散するためのものじゃない高ければ高いほど地表に届くまでに拡散されるわけで😮‍💨
0a9523ac_194.wav,正直わかんない生きていたけどやっぱり月ちゃんのこと殺しちゃダメかな😮‍💨🤭
0a9523ac_195.wav,そうじゃなくて、とえば魚のこと…🤫
0a9523ac_196.wav,そうかなぁ、私のリスクとか用意されてて、みんなに祝福されて、歓喜に魅せながら全員殺すのがありそうなんだけどなぁ🤭
0a9523ac_197.wav,あはは、それは私も一緒だよ🤭
0a9523ac_198.wav,緊張のバッ😰
0a9523ac_199.wav,カズキちゃんには気づかれちゃってるかもって思ってた🤭
0a9523ac_200.wav,はい、柿を発見と一緒に絞ってみます🤭
0a9523ac_201.wav,思わないよ カズキちゃんは私を殺すのをためらうと思うもん🤭
0a9523ac_202.wav,朝になったら、お花を探してくるよ🌸
0a9523ac_203.wav,もしかして、カズキちゃんもここで寝るの?😮‍💨
0a9523ac_204.wav,誰でもいいんだけどね🤭 エリ好みするような贅沢を言うつもりはないんだけど🤫
0a9523ac_205.wav,冬姉ちゃんの口も甘くて素敵だったよ🤭
0a9523ac_206.wav,武器がないから罠を仕掛けることになると思うけど そんな労力を使うくらいなら同じ時間でたくさんの3歳が取れるしね😮‍💨
0a9523ac_207.wav,あれ? カズキちゃん 今日もモテモテだね😮‍💨
0a9523ac_208.wav,私は自殺なんかしないよするにしても手からするよ🤭
0a9523ac_209.wav,どうしても応援したくなっちゃうよね🤭
0a9523ac_210.wav,は巻き込まれちゃっただけで全部 私の都合だから🤭
0a9523ac_211.wav,私も夢想をして💭
0a9523ac_212.wav,ふぅ…ときちゃんもそれを感じてた?😮‍💨
0a9523ac_213.wav,かずきちゃんは自殺とか考えるタイプ?😮‍💨
0a9523ac_214.wav,それじゃあこの小皿に醤油を出してっと 👂 グミにわさびをつけるんだけど今日は昨日の残りの山わさびで
0a9523ac_215.wav,人間への悪意を勘たくるんだから 気をつけないとバノキの新芽は美味しいんだよね😮‍💨自然の優しさをたっぷり感じられるよ😌
0a9523ac_216.wav,あのさ、静香ちゃん、どうでもいいことと言えば、どうでもいいことなんだけど…🤭
0a9523ac_217.wav,いや、全然違うから気にしない方がいいよ🤭
0a9523ac_218.wav,ヘアーハグをしながら、自分からこんなすぐにエッチ🤭
0a9523ac_219.wav,今塩焼きをつったらね🤭
0a9523ac_220.wav,急にこ見つめられて、そんなこと言われても…嫌いじゃなかったけど、きちゃんの好みはどうなの？😮‍💨🤭
0a9523ac_221.wav,って、せっかく😮‍💨
0a9523ac_222.wav,月があるのに 潮の甘満がない😮‍💨
0a9523ac_223.wav,それを使って例で神経衰弱をしたらそうかんかも🤭
0a9523ac_224.wav,月ちゃん、えっとその肩震わせるほど葛藤しなくてもいいんじゃないかな😮‍💨
0a9523ac_225.wav,これだけ声を出しても反応がないことは 誰もいないってことじゃないかなぁ😮‍💨
0a9523ac_226.wav,音を伝えられちゃうと、カズキちゃんへの好感度が上がっちゃうからさ🤭
0a9523ac_227.wav,そうなあちこちが結構壊れてるからもう一層畑の野菜は全部収穫しちゃった方がいいのかなって大根や株はしばらく持つし🤔
0a9523ac_228.wav,信用とは違うよ 自己犠牲が好きなカズキちゃんの性格の問題だよ😮‍💨
0a9523ac_229.wav,そうじゃなくて、変になったと思わないで欲しいんだけど😮‍💨
0a9523ac_230.wav,はいはいもうしょうがないなぁ 私に体温を伝えること許可してあげるよでもこんな寒い時に体温てずるいかも🤭
0a9523ac_231.wav,あと私が冬姉ちゃんの立場だったら、一緒に山へ探検に行こうと提案するけどな🤭
0a9523ac_232.wav,のじゃなくてちゃんと聞きたいな🤭
0a9523ac_233.wav,だよねー 昼頃に見た谷の底に水がないの気づいた😮‍💨
0a9523ac_234.wav,でも、ゲームに存在してるというのは、覆しようがないよね?それなら、間違ってるのは、私たちの常識の方、ということにならないかな?🤔
0a9523ac_235.wav,こういう時のかずきちゃんってすごくおと🤭
0a9523ac_236.wav,おしらえも兼ねて私がやるから 妹チャンズと遊んでて🤭
0a9523ac_237.wav,見ればわかるかの中にネジが入ってたりしてね🤫
0a9523ac_238.wav,もちろん勉強って言うなら私は付き合って冬姉ちゃんは満足するまで一緒に勉強するよ🤭
0a9523ac_239.wav,するから うわっちゃってね🤭
0a9523ac_240.wav,そういう吹きにしてもらうとして やってるのか調べるの方が先じゃないかな🤔
0a9523ac_241.wav,そ、小さいほうがいいとか、ま、小さいほうが好きとか、そういう話ってよく聞くけど🤭
0a9523ac_242.wav,でも苦しいだけじゃないよね😮‍💨
0a9523ac_243.wav,カリのことを批判する人が現れたって絶対😮‍💨
0a9523ac_244.wav,そんなに声を出さなくても大丈夫だよ👂今まで我慢したんだからもう2、3日待つくらいどうってことないよ😮‍💨
0a9523ac_245.wav,もう、はしゃいで走りまわっていいんだよ😆
0a9523ac_246.wav,なんか落ち着かない?落ち込むような…😰
0a9523ac_247.wav,かずかちゃんもかずきちゃん🤭
0a9523ac_248.wav,そうだね、プショになりそう🤭
0a9523ac_249.wav,でも、現実として、あんな巨大煙突があるわけだから…😮‍💨
0a9523ac_250.wav,意外と条件に合うのはないねー😮‍💨
0a9523ac_251.wav,私たちの身の回りの品が2000年の前半のものだなんてないよ🤭 そう思うように記憶を書き換えられたかもしれないんだから
0a9523ac_252.wav,自分が負け…😮‍💨
0a9523ac_253.wav,そっか、被害させてごめん襲うって、カズキちゃんじゃなくて、クマ🤭
0a9523ac_254.wav,どうせ覚悟をすることになるんだから、今しちゃったほうがいいと思うなぁ😮‍💨
0a9523ac_255.wav,必要なんかなかったと思って😮‍💨
0a9523ac_256.wav,それを…😮‍💨
0a9523ac_257.wav,ちゃんはどんな答えを望んでるの？😮‍💨
0a9523ac_259.wav,カズキちゃんの手、すごく冷たいよ😮‍💨
0a9523ac_260.wav,んふふ、心配しないでいいよ🤭ルールは長いんだから
0a9523ac_261.wav,やっぱりそうだった😮‍💨 夏秋冬ときてあずきじゃ変だと思ったもん季節の木が入っているなら納得だよ🤔
0a9523ac_262.wav,海にあんまり行かないしずかちゃんが気づかないのはしょうがないけどかずきちゃんが気づかないのはちょっと注意力不足かな😮‍💨
0a9523ac_263.wav,関ヶ原の次は江戸時代で黒船が来て明治維新で😮‍💨
0a9523ac_265.wav,そんなと生えてる草の種類でこのくらいの気温で春だとすれば 副樹草とか吹きの刀が😮‍💨
0a9523ac_266.wav,うん、巨大煙突か欲しいとこだよねもう売ってないあれが秘密施設だって可能性があるわけだけど🤭
0a9523ac_267.wav,枯れるかどうかって問題もあるけど 秋与ちゃんが釣ってくる魚くらいならともかく大きな哺乳類となると話が別だよ😮‍💨
0a9523ac_268.wav,よしよしよし🫶
0a9523ac_269.wav,どこにしようか🤔
0a9523ac_270.wav,こんなに小さくても立っちゃうんだね🤭
0a9523ac_271.wav,命を奪っていることに抵抗感はない?😮‍💨
0a9523ac_272.wav,男の子なんだから文句言うな!僕が思うに😠
0a9523ac_273.wav,ことなんてよっ🤭
0a9523ac_274.wav,もっとふわふわしていいから、一緒におねんねするから始めようねー😴
0a9523ac_275.wav,この場合は殺人鬼じゃなくて殺虐鬼だね🤭
0a9523ac_276.wav,それは悪いかもしれないけど、私は冬ちゃんを殺してない!🤭
0a9523ac_277.wav,口を閉じて我慢しないで 声を出した方が少しは楽になるよ😮‍💨
0a9523ac_278.wav,でもそれだと私たちの部屋以外に私たちの痕跡がないことの説明ができないよ😮‍💨
0a9523ac_279.wav,それって鈍感なせいなのかな🤔それとも壊れているせいなのかな🥺
0a9523ac_280.wav,うふっ、そんなことしようとしたら私暴れちゃうと思う🤭 子供が相手でも暴れる人を縛るのって大変じゃないかな😮‍💨 しかもナイフを持ってるし。
0a9523ac_281.wav,文字通り骨肉の争いだね😮‍💨
0a9523ac_282.wav,みんなでどういうのをしてみたかったんだ？🤔
0a9523ac_283.wav,バーレイフユネちゃん目なんか大きくても邪魔なだけだよ😮‍💨
0a9523ac_284.wav,楽しい会話はそのくらいにして🤭いいかな?
0a9523ac_285.wav,女の子みたいにヒーヒーってビクビクなっちゃってるんだから気持ちいいに決まってるよねー🥵🫶
0a9523ac_286.wav,そういうことも、木を見ればわかるよ？🤭
0a9523ac_287.wav,私たちを喜ばせようという下心が見えすぎるよねー😏
0a9523ac_288.wav,んー、それは嘘だと思うな😮‍💨
0a9523ac_289.wav,私には重たいけどなぁ 🥺 そんなことされて眠れるほど私の神経は太くないよ 🫨 2人で寝ずに火の晩をするか2人で寝るかのどっちかしかないよ 😱
0a9523ac_290.wav,フルミじゃあ全然違うねー 🥵 ジュースを飲もうとしたのに間違ってガソリンを飲んじゃったような不快な気分になっちゃったよ
0a9523ac_291.wav,台所してみたんだけどお米と醤油と味噌は3個月なら余裕で持つと思うから上で困っちゃうってことはないし🤭
0a9523ac_292.wav,この校舎って、昼と全然違うよね😮‍💨震えが出そうでちょっと怖いなぁドキドキしちゃうよ😱
0a9523ac_293.wav,できないことはないだろうけどやめておいた方がいいんじゃないかな😮‍💨🤔
0a9523ac_294.wav,何を相談したいのか早く教えてよ😮‍💨
0a9523ac_295.wav,夏や秋ならサクランボがなってたりするよね 全部落ちた後だとしたら目はもっと小さいと思うだから目のこの感じはやっぱり冬だよ😮‍💨
0a9523ac_296.wav,静かちゃんは不安な気持ちを抱えてるわけだから 意識的にしろ無意識にしろ隙を見せると思うんだよねー静かちゃんに優しくしてあげたいと思った瞬間押し倒す🥺🫶
0a9523ac_297.wav,女の子たちに囲まれてエッチなことされるのに抵抗するなんて 贅沢すぎだよ🤭
0a9523ac_298.wav,言い方がきびりよ、かずきちゃん🤭
0a9523ac_299.wav,うん、確かに見たとか、確かに聞いたとか言うよね、これってないくらい、記憶は不確かなものだってことじゃないかな😮‍💨🤔
0a9523ac_300.wav,そうだって必死だからね😱角でボコボコにされて谷底に突き落とされちゃうかもしれないよ😭
0a9523ac_301.wav,潰されたり縛られたりしたらご飯を作れないと思うな😮‍💨
0a9523ac_302.wav,背中が寒いよ、小月ちゃんは😮‍💨。もうのじくしたときのことを忘れちゃったのかな?床が体温を吸い取っちゃうよ?🫶
0a9523ac_303.wav,やっぱり誰もいないみたいだから先に進もうがをよ 👂 私山の方に興味があるがを 😮‍💨
0a9523ac_305.wav,そんな風にされたら、自分が犬か猫になっちゃったみたいだよ🤭
0a9523ac_306.wav,足の裏!👅
0a9523ac_308.wav,地形って風や水の浸食でできるよね 火山活動というのもあるだろうけどとにかくああいう谷って水が削ってできるものだよね😮‍💨
0a9523ac_309.wav,それに赤いよ 途中までにしても鉱山を登るくらいの装備をしないとダメだと思うな🤔そういうのここにはないっぽいけど😮‍💨
0a9523ac_310.wav,それじゃあそろそろ横になろうか私が寝てるからって🤭 勝手に触っちゃダメだよ
0a9523ac_311.wav,ちゃんて、大きい方が好きなの?大きすぎたら嫌だなーとかってないのかな🤭
0a9523ac_312.wav,小豆ちゃんを殺して犬を殺しておしまいかなそれから先のことはその時になってから考えるよ😮‍💨
0a9523ac_313.wav,そっかじゃあお願いしようかな🤭
0a9523ac_314.wav,スカちゃんだってそうだったじゃない😮‍💨
0a9523ac_315.wav,私は一人でも大丈夫だ 🫶 月ちゃんも静かちゃんも過保護なんだから 😅
0a9523ac_316.wav,質問の意味がわからないと答えようがない😕
0a9523ac_317.wav,道を外れて、すぐ山を目指してみようよ😮‍💨 あれだけ高い山だと登るのは絶対に無理だけど、 麓の周辺に何かあるかもしれないし🤫
0a9523ac_318.wav,今日は歴史の現代近代の偏差値チェックテストをやってみようよなんだかんだ言っても今がいつなのか気になるもん🤭
0a9523ac_319.wav,カズキちゃんって本当に無表情だね 顔だけを見てたら何を考えてるのか全然わかんないよ😮‍💨
0a9523ac_320.wav,女の子同士でディープキスするのって なんかいいねー💋🤭
0a9523ac_321.wav,いっちゃいけないのかもしれないけど 足の裏にあんな傷があるのに僕歩けるねーどうかしてもいい🤭
0a9523ac_322.wav,そんなに青したの?静かに😮‍💨
0a9523ac_323.wav,時にもそんなことを言うなんて、カズキちゃんは余裕があるね😮‍💨
0a9523ac_324.wav,これから、カズキちゃんを殺してもいいかな?🤭
0a9523ac_325.wav,大丈夫とか感じちゃうんだから男の子だってきっと感じちゃうよ🤭
0a9523ac_326.wav,かわいい顔してるっとまとめられちゃうよりも 細かく具体的に何か所も言われた方が嬉しいよ🤭
0a9523ac_327.wav,それって、あの月は偽物だってことの証明だよね?🤭
0a9523ac_328.wav,今日のお勉強はこのくらいにしようか👂みんなはこれからどうするつもりなのかな🤔
0a9523ac_329.wav,でも、そういうのを抜きにして、こうやって抱きしめられると、すごく安心する🫶
0a9523ac_330.wav,そういうわけ…😮‍💨
0a9523ac_331.wav,そうだねー🤭
0a9523ac_332.wav,魚美味しいって食べれる?😋
0a9523ac_333.wav,だから、もし見られたらの話だよ🤭
0a9523ac_334.wav,アイターがあったし、枯れ草も枝も乾燥してたからねあは、もしかしたらと思って準備はしておいたけど本当にのじくすることになっちゃうなんてね🤭
0a9523ac_335.wav,私にもそう聞こえたけど😮‍💨
0a9523ac_336.wav,これはうん山桜だと思うんだけど ほら目がついてるじゃない👀 春だと咲いてないにしても目がもっと膨らんでるはずだもん😮‍💨
0a9523ac_337.wav,サズキちゃんはまだ気づいてないのかな？😮‍💨
0a9523ac_338.wav,すごいけどさ、じゃあちずかちゃんは魚で食べられそうになったらどうする?😮‍💨🤔
0a9523ac_339.wav,海の向こうに陸があったとしても、船がないんだったら行けないし、逆の方向は鉱山に邪魔されて、よほど高く上がらないと見えないんじゃないかな😮‍💨
0a9523ac_340.wav,これは私のために流してくれた血だから🤭 だからせめて足の裏についたものだけでもちゃんとしてあげないといけないと思ったんだけど😮‍💨
0a9523ac_341.wav,でも、シュカちゃんに私を殺せるかな。私はシュカちゃんを叩いたりするのは嫌だけど、だけど、殺せるよ🤭
0a9523ac_342.wav,ナイフはすぐ抜かないと抜きづらくなっちゃうなんてきっと普通の殺人鬼なら常識的な知識だよね🤭
0a9523ac_343.wav,私だって、記憶を操作されているんだから、🤭 そんなの分かんないよ。ただ言えるのは、あんな巨大な煙突を何気なく作っちゃうくらい未来ってこと。😮‍💨
0a9523ac_344.wav,この話をされたら 賠償しちゃったみたいだな😮‍💨
0a9523ac_345.wav,でも、キスはしたよねー?💋
0a9523ac_347.wav,何があるの?😮‍💨
0a9523ac_349.wav,アキヨちゃんって子だったんだねー🤭
0a9523ac_350.wav,私もまず最初にそれを思いついたんだけど🤭 多分違うんじゃないかな
0a9523ac_351.wav,パジャマ越しとはいえ、みんなだけ見てずるいなぁ。私って、そういうの見たことないから、どういうものなのか気になるかも🤭。あはっ。
0a9523ac_352.wav,こっそりと取っておいて後で変なことに使ったりしたら嫌だよ🤭
0a9523ac_353.wav,私なりに薬師してみたんだ🤭
0a9523ac_354.wav,昭和にこんなの男はなかったんじゃないかな🤭
0a9523ac_355.wav,じゃあ もし美味しいにん🤭
0a9523ac_356.wav,今日はもういいよそういう気分じゃないから😮‍💨
0a9523ac_357.wav,殺人するにしろしないにしろこっちでも納得できる配置というかされてるなって感じがするんだ😮‍💨🤔
0a9523ac_358.wav,冷静じゃないのはカキちゃんみたいだけど🤭
0a9523ac_359.wav,お乳類を殺すって生々しいじゃない😮‍💨 鹿を殺せるってことは人も殺せるって思われちゃわないかな🤔
0a9523ac_360.wav,そんなこと言われても困るけど😮‍💨
0a9523ac_361.wav,ま、冬ちゃうのかなぁ😮‍💨
0a9523ac_362.wav,ラブラブ暑暑でいいよねーだが自分でご飯を食べてたのって2週間くらいだったんじゃないかなー🤭
0a9523ac_363.wav,3ヶ月待てば助けが来るんだから命を危険に晒す必要はないと思うなでもここがどこなのかという疑問は当然だと思うし🤔
0a9523ac_364.wav,それはまた別の話だけど😮‍💨
0a9523ac_365.wav,静かちゃんに下心があったとは言わないけど、かずきちゃんにそうなってほしくて、好き好き好きというのを言葉や行動にしてたとこもあるだろうし🤭
0a9523ac_366.wav,ちょっと地消しはないみたいだね👂それに半透明だし
0a9523ac_367.wav,さすが寝袋だね😮‍💨
0a9523ac_368.wav,最初からカツキちゃんだけじゃないよ🤭 みんな記憶喪失だしね
0a9523ac_369.wav,しょうがないよって🤔何も思い出せないんだしとりあえず可愛い妹ちゃんが増えたということでそろそろ天井裏の田園に出かけましょう😌
0a9523ac_370.wav,外部へ被害を出さないために、宇宙に作られた閉鎖された空間で、実験を取り行う。こんな感じじゃないかな。つまり、私が狼役で、みんなが羊役😅
0a9523ac_371.wav,そうだ!夏になったら、みんなで海に行く!😄
0a9523ac_373.wav,すきちゃんを殺したいだけで、すきちゃんと戦いたいわけじゃないもん😮‍💨
0a9523ac_374.wav,私からティちゃんの二人で山の方に行くのはどうかな🤭
0a9523ac_375.wav,そういうわけじゃないんだけど…😮‍💨 持ってる雰囲気が出てるというか…🤔
0a9523ac_376.wav,うゆねちゃんの体を押し付けるように🫶 擦ることになると思うから
0a9523ac_377.wav,今さらって感じの話だねー🤭 そんなのみんな知ってることじゃない😮‍💨
0a9523ac_378.wav,あった気がするけど、いつの時代の戦争か分かんないよー😮‍💨
0a9523ac_379.wav,これの根をすり下ろして🫶 醤油をかけて食べようの晩御飯は?
0a9523ac_380.wav,道に迷っ😮‍💨
0a9523ac_381.wav,進学したくても勉強ができなかったらできないよ😮‍💨 だからしておいた方がいいんじゃないかと思うんだよ🤔 やって損があるわけじゃないしね😌
0a9523ac_382.wav,それもそうだけど、私たちって受験を控えてるという可能性もあるわけだし、もしかしたら即受験なんてことも考えられるわけだよね🤔
0a9523ac_383.wav,でも、カズキちゃんの自己犠牲って、そういうのじゃないよね?😮‍💨
0a9523ac_384.wav,米だけで3ヶ月過ごすわけにはいかないでしょ🤭 だったら自分たちでご飯を探すしかないよ
0a9523ac_385.wav,ああ、では気づいたとき、一緒に行けたんだよね😮‍💨
0a9523ac_386.wav,私たちは長めの春休みの真っ最中じゃない?だけど3ヶ月も休み続けていたら帰ってから困らないかな特に弁学の面で😮‍💨
0a9523ac_387.wav,ロープがあれば 倒破できると思うんだけど…🤔
0a9523ac_388.wav,冬姉ちゃん、くすぐったいところを集中して狙ってくるよねー🤭
0a9523ac_389.wav,何かないかな、そういうカズキちゃんの気持ち、しっかりしておきたいな🤭
0a9523ac_390.wav,なんだかんだ言っても不安じゃない 🫶 そういう時に人の温かさを感じるとほっとするというか 犬とか猫をなでると安心するじゃないそれに似た感じ 😌
0a9523ac_391.wav,ちょっとだけだけどそのうちたくさん食べられちゃうかもしれないから🤭
0a9523ac_392.wav,私も昨日まで知らなかったけど 複数で可愛がられるのって凄いよ🤭
0a9523ac_393.wav,裁判がするし、足りないとこは気合でカバーするから大丈夫!💪
0a9523ac_394.wav,月ちゃんは寝ないつもり?😮‍💨
0a9523ac_395.wav,違うと思うな😮‍💨
0a9523ac_396.wav,はいはい、曰いの話は二人っきりの時にしてくださいねそれじゃ、みんな席について🤭
0a9523ac_397.wav,気持ちはわかるけど、監視するのはやめておいてあげたほうがいいと思うな😮‍💨
0a9523ac_398.wav,そうかなぁ、私のは自分じゃ抑えられない衝動だけど、月ちゃんはこんなこと言って🤭 そっちの方がずっと異常だと思うけど…😮‍💨
0a9523ac_399.wav,下にナイフを隠していると思われて🤭 食らせたりしたら悪いから
0a9523ac_400.wav,わたしだって肩を刺したら、動き😮‍💨
0a9523ac_401.wav,でも釣られて肩の傷を見られたらどうするの?🤭
0a9523ac_402.wav,思うにだなぁ この山には大きな秘密が隠されているに違いないのだ🤔
0a9523ac_403.wav,でもね、静かちゃん。私は今ここで、静かちゃんを最後まで殺しちゃうかもしれないよ。🤭
0a9523ac_404.wav,そうだねー あの建物で寒さが気にならないのってやっぱり真下から温泉が出てるからなのかな🤭
0a9523ac_405.wav,かずきちゃん緊張しちゃってるなぁ😰
0a9523ac_406.wav,もしくは宇宙に捨てているとか😮‍💨
0a9523ac_407.wav,食べてねーあきよちゃんが😮‍💨
0a9523ac_408.wav,私も知らないの😮‍💨
0a9523ac_409.wav,違うよ!ドホンキ!🤭
0a9523ac_410.wav,あの話なんだけどね🤭 やっぱり私の妄想なんかじゃなくて本当のことなんじゃないかって思うんだ
0a9523ac_411.wav,こうかな?🤔
0a9523ac_412.wav,素直に言い出すのが恥ずかしかったんじゃないかな🤭 物言いはものすごく素直だったけど🥺
0a9523ac_413.wav,ロボが隠れ🤫
0a9523ac_414.wav,可能性だけで言えばね🤭でもそんなの現実的じゃないと思うな😮‍💨
0a9523ac_415.wav,そういうキヨちゃん今の話し方だとみんなを連れてここに来たのは偶然じゃないんだよね🤭
0a9523ac_416.wav,タシキの子にも礼儀あるんだから好きって言った代わりにおっぱい揉ませろよと言われたみたいで傷つくよ😮‍💨🥺
0a9523ac_417.wav,自然に決まってるよ🤭
0a9523ac_418.wav,っていうそっくりな毒キノコがあるんだけどね🤭
0a9523ac_419.wav,私の腕を引っ張ってどうしちゃったのかな🤭
0a9523ac_420.wav,音なんかないよ🤫
0a9523ac_421.wav,思うけどそれじゃあ最初は清ちゃんにお手本を見せてもらおうかな 🤭 静かちゃんも一緒に一体どころに行こう 😊
0a9523ac_422.wav,んー…それって太ってるってことかなぁ😮‍💨
0a9523ac_423.wav,気持ちよくなってるときのカズキちゃん、すごく可愛かった😍
0a9523ac_424.wav,何を言ってるのか全然わからない😮‍💨
0a9523ac_425.wav,フユネちゃんのライフワークは置いておくとしてあ、お互いの顔を舐め合おうよ👅乱光の締めにはいいと思うんだけどどうかな🤭
0a9523ac_426.wav,説明されないとわかんない?😮‍💨
0a9523ac_427.wav,ちょっと早いけど、今日のお勉強は終わりにしようか。みんな霧のいいところまでやったみたいだしね😮‍💨
0a9523ac_428.wav,覚えてないかなぁ タラの木のトゲで指を切ったことあったじゃない血を見て 私はすごくうろたえてたよねー😮‍💨
0a9523ac_429.wav,うーん、そうだね。見届けたかった😮‍💨
0a9523ac_430.wav,よりもねレンズが一切ないみたいだよ 👀 虫眼鏡があれば簡単に望遠鏡を作れたんだけどね 🤔
0a9523ac_432.wav,なるほどねー確かに加減ってものがなさそうだもんねー🤭
0a9523ac_433.wav,最悪なアイドル攻略しちゃったね🤭今からでも静かちゃんに変えたらどうかな😮‍💨
0a9523ac_434.wav,傷口は開いたままだよ😮‍💨
0a9523ac_435.wav,って感じはするよねー🤭
0a9523ac_436.wav,お刺身にすりおろした地年賞をかけたものだよ🤭
0a9523ac_437.wav,最後を始めてから アキオちゃんはすごく生き生きしてるもん🤭
0a9523ac_438.wav,私が派手いことって、純横って説明すると、 まずこの世界のことなんだけど…😮‍💨
0a9523ac_439.wav,もう少しで 黄金ヘッド😮‍💨
0a9523ac_440.wav,すい夢中になっ😮‍💨
0a9523ac_441.wav,でも、少し変な話だから、私としてはこのくらいの交換条件があった方が気楽に喋れるんだ🤭どうする?
0a9523ac_442.wav,したらプログラムみたいなもので何かなくて それでおしまいみたいなことないかな🤔
0a9523ac_443.wav,自己搭載と自己満足を満たせるんだから趣味ってそういうものじゃない?🤭
0a9523ac_444.wav,いろいろそれらしい行動と言動を駆使して 👂 安全に相談するの
0a9523ac_445.wav,それでも説明してほしいな🤭
0a9523ac_446.wav,それはそうだからそんなこと😮‍💨
0a9523ac_447.wav,すきちゃんの言うこともわかるけど🤭でも好きって言われるのは嬉しいことだし😊
0a9523ac_448.wav,でも残念だな😮‍💨
0a9523ac_449.wav,だから、その…😮‍💨
0a9523ac_450.wav,どのノートパソコンを起動させても日付は9999年の99月99日だったしね😮‍💨
0a9523ac_451.wav,前にちゃんと確認してるよ🤭まあ一応確かめてはおくけどね
0a9523ac_452.wav,知り合った…それはかきちゃんも一緒でしょ?🤭
0a9523ac_453.wav,おーし、地もいっぱい逐中だよー🤭
0a9523ac_454.wav,大丈夫だよ 👂 一日食べないくらいですぐ弱ったりなんてしないから 😊
0a9523ac_455.wav,からの木 新芽は美味しいんだよねー自然の優しさをたっぷり感じられるよー🤭
0a9523ac_456.wav,前にこの世界のことを話したのを覚えてる?💭
0a9523ac_457.wav,ああ、こんなにダメだったね😮‍💨
0a9523ac_458.wav,私です。余計なお世話かもしれないけど、罰ゲームの件について、忠告があってきました🤭
0a9523ac_459.wav,あら😮‍💨
0a9523ac_460.wav,そうクマこっちには人がいますよって教えてあげないと不意に会ってびっくりしちゃってお前を食べちゃうぞがお来るかもしれないがおだよ😮‍💨😱
0a9523ac_461.wav,明日って私とアキヨちゃんとフユネちゃんは3人で学校に行くよね🤭
0a9523ac_462.wav,つけないのが目的ってことも考えられるよ🤔
0a9523ac_463.wav,上の方をかせて、こっちを独占させてもらうね😏
0a9523ac_464.wav,静かちゃんはいつもおいしいおいしいってご飯を食べるけど、それって生まれた命に感謝や敬意を表しているからなのかな？🤔
0a9523ac_465.wav,破壊しないと、人類に未来はない!😱
0a9523ac_466.wav,誰がやったにしろ、ここで犯人を見つけて球団してもしょうがないよ😮‍💨
0a9523ac_467.wav,はいはい、喧嘩しないで🤭 私が慰めてあげるからね
0a9523ac_468.wav,しかなんか持って帰っ🤭
0a9523ac_469.wav,被刑者である私が言うのもなんだけど 👂 人体実験なんかどこの時代でもやってることだよ 😮‍💨
0a9523ac_470.wav,そうだよねー🤭
0a9523ac_471.wav,しない?それはそれでかかりだけど…🤭
0a9523ac_472.wav,冬姉ちゃん😮‍💨
0a9523ac_474.wav,ごはんの時間じゃない?あずきちゃんよりごはんのほうが大事ってわけじゃないんだよだけど、そのー…🤭
0a9523ac_475.wav,かずきちゃんには覚悟があるのかなぁ🤔
0a9523ac_476.wav,違う違う、昨日の夜に二人がこれからエッチなことする予定だってまふやちゃんから聞いたんだよ🤭
0a9523ac_477.wav,条件が多いよ😮‍💨
0a9523ac_478.wav,ほらフユネちゃん、足の力を抜かないとダメだよ🤭そうやってギュッと股を閉じてると触りづらいんだから
0a9523ac_479.wav,もしれないけど👂 じゃあ私はどういいのかな😮‍💨 ここに私をだってことは考えがあるんだよねー🤭
0a9523ac_480.wav,わさびじゃなくて山わさびだよ!🤭
0a9523ac_481.wav,彼らを支えるために必要なんじゃないかな🤭
0a9523ac_482.wav,あるかもしれないけどそうなるかもって言っておいたから🤭
0a9523ac_483.wav,その沈黙なのかな?⏸️
0a9523ac_484.wav,あのね、私も静香ちゃんに何かエッチなことをしてあげたいんだけど、何かないかな🤭
0a9523ac_485.wav,素晴らしい失敗だねー🤭
0a9523ac_486.wav,あ、そういえばあの煙突の上に 静止衛星は見えなかったね😮‍💨
0a9523ac_487.wav,遠い未来では大したことじゃないのかも🤭それに元々別目的で作られたものを流用しただけかもしれないし
0a9523ac_488.wav,ダメだ!来たら背中が痛ってなるよご犠牲は重いって何度言えば理解してくれるのかな😮‍💨🥺
0a9523ac_489.wav,うん、そうじゃなくて…トイレのついでに水を飲みに来ただけ…🤭
0a9523ac_490.wav,ゆうねちゃんのクリトリスって小さいんだねー🤭
0a9523ac_491.wav,死ぬことを信用ってこと?😮‍💨
0a9523ac_492.wav,今日も明日も明後日もモテモテだね、かずきちゃん🤭
0a9523ac_493.wav,安心しちゃうんだ😌
0a9523ac_494.wav,考えすぎだと思うけどやっぱり不自然だよね🤔記憶喪失だから断言はできないけどズワブキとヤマバサビって生息範囲が重なってないと思うんだ💭
0a9523ac_495.wav,話したくないかな😮‍💨 重い話だしそれに眠くなってきたしね😴
0a9523ac_496.wav,明日は投稿日だけど、2人には寮に残って、一日中畑の雑草虫に😮‍💨
0a9523ac_497.wav,私たち3人が見ていて、誰かの視線で膨らんじゃったら、いろいろと気まずいよ?😮‍💨
0a9523ac_498.wav,同じものを食べていても一人だけお腹の具合が悪くなることってあるみたいだよ アレルギーとか抵抗力の差とか😮‍💨
0a9523ac_499.wav,味道、森、山、以上で説明を終了します、って感じの風景だねー😮‍💨
0a9523ac_500.wav,フユネちゃんはこれが好きなの? ネバネバしてるし変な味だと思うんだけどな😮‍💨
0a9523ac_501.wav,静かちゃんを見てると、それだけでお腹がいっぱいになっちゃいそう😮‍💨
0a9523ac_502.wav,そう言われればそうかもしれないけどね🤔あとね👂食べれる草が多すぎる気もするんだよね😮‍💨ちょっと見回しただけでも
0a9523ac_503.wav,じゃあリビングに行こうよやっぱこういうときお茶がない雰囲気が出ないからね😮‍💨
0a9523ac_504.wav,今日はたくさん歩いたみたいだから、少し日を置いてからでもいいけど😮‍💨
0a9523ac_505.wav,って呼んでもいいかな 私ちゃんで呼ぶのが好きみたいなんだ🤭
0a9523ac_506.wav,カズキちゃん、まだ若いのにその症状はまずいよ😮‍💨
0a9523ac_508.wav,覚悟だよ、かずきちゃんえっと、他に釘と巨大な十字架がなかったかな🤭
0a9523ac_509.wav,だったりして🤭
0a9523ac_510.wav,さっき見たから大丈夫だと思うよ🤭
0a9523ac_511.wav,それで、どうすればいいの?😮‍💨
0a9523ac_512.wav,厳密に言う天の言い回しだけど、もしかしたら遠い未来の私たちは、魚を食べてないのかも😮‍💨
0a9523ac_514.wav,もしかして、カズキちゃんは毛布にくるまって寝て、 私に寝袋を考えなのかな？🤭
0a9523ac_515.wav,なんて言ったのも私が静かちゃんを殺しやすくするための工夫でしょ🤭
0a9523ac_516.wav,例えば、登山道とか、山小屋とかサボダムとか、もしかしたらそのまま、なんとか山です!みたいな標識があるかもしれないし😮‍💨
0a9523ac_517.wav,それはあったんだけどね😮‍💨
0a9523ac_518.wav,落ちてきた時にたまたま下を歩いていて首の骨折りましたーなんてことになりかねないもんねー😮‍💨
0a9523ac_519.wav,私のムッタンだよねー🤭
0a9523ac_520.wav,気持ち持ってほしいよ🤭
0a9523ac_521.wav,赤道以外に作るのは技術的に困難だし 🤔それに軌道エレベーターだとしたらあの先にある人工衛星が見えるはずだよ
0a9523ac_522.wav,とにかく、ルール違反はダメ!😠というわけで、勝利者は私!🏆罰ゲームを受けるのは、かずきちゃんとしずかちゃんの2人!😮‍💨
0a9523ac_523.wav,そんなことをする理由って何かな 🤔 私たちに本当の日付を教えないようにってことなのかな 😟
0a9523ac_524.wav,私の中には殺人欲があってね。それを我慢することがどうしてもできないんだ。だから、そうさせてもらっているん…🤭
0a9523ac_525.wav,冗談だよ🤭 冬姉ちゃんはどんなことしてもらいたいの?
0a9523ac_526.wav,まるに自然を楽しむための人造空間?🤔
0a9523ac_527.wav,私はいいけど、でも、昨日嫌とかあるかな？😮‍💨
0a9523ac_528.wav,それって 自分が異常だってことがかなみんなに嫌われるのがかな😮‍💨 それとも私に嫌われるのがかな🥺
0a9523ac_529.wav,今日のことを知らずに、みんなを殺そうとしてたら、きっと中途半端なところでナイフが抜けなくなって、静かちゃんあたりにバールで頭を叩かれて、逆に殺されてたよね😮‍💨
0a9523ac_530.wav,別にそんな風に気を回したわけじゃないよ 私も外がどうなってるか興味あったしね🤫
0a9523ac_531.wav,どのノートパソコンを起動させても日付は9999年99月99日だったしね😮‍💨
0a9523ac_532.wav,の塾になるよねー 寒いからダウンを取るために嫌でも体を密着させること🤭
0a9523ac_533.wav,でもさ、態度をはっきりさせるなんて、変じゃないかな。殺人鬼を無いにしたら、いや、もっとうおうさをするものじゃないかな。🤭
0a9523ac_534.wav,動かしたら摩擦熱で温かくなるじゃない👂それだと私も温かくなるし🥵
0a9523ac_535.wav,じゃあ、ふよ、自分でぬいぐるみを割いたんじゃないんだね？🤭
0a9523ac_536.wav,すぐに洗えばね。でも、もう時間が経っちゃったし、手洗いでゴシゴシしてもなかなか落ちないかな😮‍💨
0a9523ac_537.wav,お母ちゃんと相談して決めたんだ🤭
0a9523ac_538.wav,月ちゃんって意外と悪だね🤭
0a9523ac_539.wav,それって何かな?🤔
0a9523ac_540.wav,私のはご飯と山わさびのバランスがちょうどいいよー!😋
0a9523ac_541.wav,カズキちゃんの体、傷だらけになっちゃったね😮‍💨
0a9523ac_542.wav,無表情だからわからないけど、かずきちゃんがこういうことをやってくれと、しずかちゃんに頼むとは思えないんだよねー😮‍💨🤔
0a9523ac_544.wav,別に恥じることなく、好きだって言ってあげればいいと思うよ。好き好きパワーは偉大だもん。かずきちゃんは、堂々と好きになればいいと思うな。🤭
0a9523ac_545.wav,きちゃんの妹ちゃんはまだ名前が分かるんだよね？🤭
0a9523ac_546.wav,ないといけないような何かが 起こったってことだよね😮‍💨
0a9523ac_547.wav,筋肉が収縮しちゃうつきちゃんって意外と筋肉があるもんね🤭
0a9523ac_548.wav,静かちゃんもかずきちゃんも嘘が下手だね 🥵 樽の勢いが弱くなったもん
0a9523ac_549.wav,もう一つは構造上必要なものだという可能性 私はこっちの可能性の方が高いかなって思ってる🤔
0a9523ac_550.wav,最後の夜が、かずきちゃんの悲鳴で終わるっていうすごく素敵な思い出になると思うなぁ😱
0a9523ac_551.wav,確かに、これから3ヶ月も、見知らぬ者同士で共同生活をしないといけないんだから、疑い合うのは良くないよね😮‍💨
0a9523ac_552.wav,今の静かちゃんは、抱きしめられるより押し倒されたいんだからさ、あー、そのー…🤭
0a9523ac_553.wav,という事は、ロボが隠されていて当然!🤭
0a9523ac_554.wav,そんなにちゃうけど、月ちゃん…🤭
0a9523ac_555.wav,原因を知ってるんじゃないのかなぁ🤔
0a9523ac_557.wav,あの煙突は天井を支える柱😮‍💨
0a9523ac_558.wav,ルール違反はいけないと思うなぁ😮‍💨
0a9523ac_559.wav,いいから行くぞ!僕たちの力をロボに見せつけてやれ!🔥💪
0a9523ac_560.wav,月ちゃんの大好きなおっぱいだよー👂嬉しいかなー🤭
0a9523ac_561.wav,ないものねだりしてもしょうがないよ🤭でもトランシーバーくらいは欲しかったかもねー
0a9523ac_563.wav,とは言わなくても3日に1回くらい みんなで投稿することにすれば生活にもメリハリが出ると思うん だけどどうかな🤔
0a9523ac_564.wav,ボールもトランプもないもんねー🤭
0a9523ac_565.wav,私、りょうに戻らないほうがいいよね?🤭
0a9523ac_566.wav,その話学として、気になるから質問していいかなぁ🤔どうして歌ってたの?🤭
0a9523ac_567.wav,先天的かどうかを調べるわけだから 記憶は余計だよねだから記憶を削除 🤭 その代わりに毒にも害にもならない一般的な記憶を注入
0a9523ac_568.wav,スカちゃんを驚かせちゃうから、この服を洗濯機に入れておくわけにはいかないよね😮‍💨
0a9523ac_569.wav,キヨタケは絵の部分を削くと、毒キノコらしく黒色のシミがあるんだけど、ひらだけにはそれがないから見分けるのは簡単😮‍💨
0a9523ac_570.wav,電子黒板のことだって知っていたのは静香ちゃんだけだったし やっぱり怪しいと思うんだ😮‍💨
0a9523ac_571.wav,あるに決まっているよ🤭 つまりセクスに実態はないということだもん
0a9523ac_572.wav,落ち着いてアキヨちゃん😮‍💨
0a9523ac_573.wav,キスするのは、私とカズキちゃんじゃなくて、静かちゃんとカズキちゃんだよ!💋
0a9523ac_574.wav,静かちゃんが、カズキちゃんの代わりに、少しずつ死ぬってこと?😮‍💨
0a9523ac_576.wav,あ、それもあ…😮‍💨
0a9523ac_577.wav,それじゃあ、これからお魚を🤭
0a9523ac_578.wav,そんなこと素直に言っちゃってかわいいよーきよちゃん🤭
0a9523ac_579.wav,ここみたいだねー🤭
0a9523ac_580.wav,っていうじゃなくて、そのままの意味なんだけどね🤭
0a9523ac_581.wav,言わせたいというよりも理解してほしいって言った方が正しいかな😮‍💨
0a9523ac_582.wav,一応お兄ちゃんが 慰めに言ってあげた方がいいんじゃないかな🤭
0a9523ac_583.wav,うん、カズキちゃん、全然わかってないね🤭自己犠牲されたら重たいよって、私前に言ったよね😮‍💨
0a9523ac_584.wav,スカちゃんってツキちゃんと一緒なんだね🤭
0a9523ac_585.wav,そんな野蛮なことするわけないよ🤭
0a9523ac_586.wav,そういうことに言える静かちゃんはかわいいよ🤭
0a9523ac_587.wav,楽しそうだねー😊
0a9523ac_588.wav,されてなかったと思うよ🤭 あとついでに言うなら強い建築物を作る技術もなかったと思う
0a9523ac_589.wav,来たりしなくていいよー 👂 離れられたら寒いじゃない 🥵
0a9523ac_591.wav,もう、頂上がどこにあるかわかんないね😮‍💨
0a9523ac_592.wav,さっき味見してみたんだけど、すごく美味しかったよ!😋
0a9523ac_593.wav,気持ちよかったし、あなんかしちゃっていいのかって、後ろめたい気持ちになっちゃうくらいだよ🤭
0a9523ac_594.wav,もが小回りが利くしそれに体力的な問題もあるじゃない😮‍💨 山の中じゃあ一人を残して行動するわけにはいかないじゃない🥺
0a9523ac_595.wav,社が揃いすぎて私のことを守ろうとしてくれる無表情だけどかっこいい男の子がいて🤭
0a9523ac_596.wav,私に謝ることなんかあったかなぁ🤭 その逆ならたくさんありそうだけど😌
0a9523ac_597.wav,そういえば、朝からなんとなく挙動不審だったかも😮‍💨。食欲もあんまりなかったみたいだし、あの子の日かな？🤔
0a9523ac_598.wav,私だけかもしれないけど、目覚めた時に自分の部屋って感じがしなかった?😮‍💨
0a9523ac_599.wav,そうじゃなくても、今のままの私たちだとしても、かずきちゃんだって、状況さえ整えば、人を殺すよね😮‍💨🫶
0a9523ac_600.wav,ちゃんに静かちゃんとキスしろってアドバイスしてたんだよ🤭💋
0a9523ac_601.wav,んー、それってな、サバイバルセットの中でそれだけ用途不明だったんだけど😮‍💨
0a9523ac_602.wav,ああそういうこと大丈夫これはこれ🤭みんなのこと大好きになれそうだから仲良くしたいもん🫶
0a9523ac_603.wav,そうだねー😮‍💨 こんならみんなびっくりしちゃうし😮 寝るのにも不便だし服も着れないもんねー😅
0a9523ac_604.wav,ああいう時に女って邪魔だ 👂 男と男の戦いに割り込むなそうじゃない 狼王じゃなくてロボット 😠
0a9523ac_605.wav,もし技術があって作ったとしてもあんな温泉宿だけじゃなくて 周りに科学施設とか観光施設とかあるはずだと思わない?🤔
0a9523ac_606.wav,でも、私たちだけ洗濯物を出さなかったら、静香ちゃんが変に思わないかな？😮‍💨
0a9523ac_607.wav,それはなんだけどね🤭でも、ほとんど衝動みたいな感じで、我慢できそうにないんだよ😮‍💨
0a9523ac_608.wav,私が泣いて殺さないでって言えば殺さないでしょ😭
0a9523ac_609.wav,もうちょっとでご飯できるから、静かちゃんと清ちゃんを呼んできてくれないかな🤭
0a9523ac_610.wav,そのことで提案側だけどいいかな🤔
